date,home_team,home_score,away_team,away_score,home_ranked,away_ranked
2024-08-24,Georgia Tech,24,Florida State,21,true,true
2024-08-24,New Mexico,31,Montana State,35,true,false
2024-08-25,Nevada,24,SMU,29,true,true
2024-08-25,Hawai'i,35,Delaware State,14,true,false
2024-08-29,Rutgers,44,Howard,7,true,false
2024-08-29,UL Monroe,30,Jackson State,14,true,false
2024-08-29,Wake Forest,45,North Carolina A&T,13,true,false
2024-08-29,Buffalo,30,Lafayette,13,true,false
2024-08-29,UCF,57,New Hampshire,3,true,false
2024-08-29,NC State,38,Western Carolina,21,true,false
2024-08-29,Central Michigan,66,Central Connecticut,10,true,false
2024-08-29,Bowling Green,41,Fordham,17,true,false
2024-08-29,Toledo,49,Duquesne,10,true,false
2024-08-29,Arkansas,70,Arkansas-Pine Bluff,0,true,false
2024-08-30,Jacksonville State,27,Coastal Carolina,55,true,true
2024-08-30,Tulsa,62,Northwestern State,28,true,false
2024-08-30,Colorado,31,North Dakota State,26,true,false
2024-08-30,Missouri,51,Murray State,0,true,false
2024-08-30,Kansas,48,Lindenwood,3,true,false
2024-08-30,UAB,41,Alcorn State,3,true,false
2024-08-30,Tulane,52,SE Louisiana,0,true,false
2024-08-30,Minnesota,17,North Carolina,19,true,true
2024-08-30,Illinois,45,Eastern Illinois,0,true,false
2024-08-30,Utah,49,Southern Utah,0,true,false
2024-08-30,San José State,42,Sacramento State,24,true,false
2024-08-30,Army,42,Lehigh,7,true,false
2024-08-30,Oklahoma,51,Temple,3,true,true
2024-08-30,Michigan State,16,Florida Atlantic,10,true,true
2024-08-30,Duke,26,Elon,3,true,false
2024-08-31,Wisconsin,28,Western Michigan,14,true,true
2024-08-31,Stanford,27,TCU,34,true,true
2024-08-31,Utah State,36,Robert Morris,14,true,false
2024-08-31,Purdue,49,Indiana State,0,true,false
2024-08-31,Louisville,62,Austin Peay,0,true,false
2024-08-31,Navy,49,Bucknell,21,true,false
2024-08-31,Iowa,40,Illinois State,0,true,false
2024-08-31,Maryland,50,UConn,7,true,true
2024-08-31,Pittsburgh,55,Kent State,24,true,true
2024-08-31,Vanderbilt,34,Virginia Tech,27,true,true
2024-08-31,West Virginia,12,Penn State,34,true,true
2024-08-31,Georgia,34,Clemson,3,true,true
2024-08-31,Tennessee,69,Chattanooga,3,true,false
2024-08-31,Oklahoma State,44,South Dakota State,20,true,false
2024-08-31,Cincinnati,38,Towson,20,true,false
2024-08-31,Washington State,70,Portland State,30,true,false
2024-08-31,UTSA,28,Kennesaw State,16,true,true
2024-08-31,Texas,52,Colorado State,0,true,true
2024-08-31,Syracuse,38,Ohio,22,true,true
2024-08-31,Ohio State,52,Akron,6,true,true
2024-08-31,Florida,17,Miami,41,true,true
2024-08-31,App State,38,East Tennessee State,10,true,false
2024-08-31,Iowa State,21,North Dakota,3,true,false
2024-08-31,Air Force,21,Merrimack,6,true,false
2024-08-31,Northwestern,13,Miami (OH),6,true,true
2024-08-31,Northern Illinois,54,Western Illinois,15,true,false
2024-08-31,Indiana,31,Florida International,7,true,true
2024-08-31,Massachusetts,14,Eastern Michigan,28,true,true
2024-08-31,Nebraska,40,UTEP,7,true,true
2024-08-31,Georgia Southern,45,Boise State,56,true,true
2024-08-31,South Carolina,23,Old Dominion,19,true,true
2024-08-31,South Alabama,38,North Texas,52,true,true
2024-08-31,California,31,UC Davis,13,true,false
2024-08-31,Marshall,45,Stony Brook,3,true,false
2024-08-31,Liberty,41,Campbell,24,true,false
2024-08-31,Virginia,34,Richmond,13,true,false
2024-08-31,Mississippi State,56,Eastern Kentucky,7,true,false
2024-08-31,East Carolina,42,Norfolk State,3,true,false
2024-08-31,Oregon State,38,Idaho State,15,true,false
2024-08-31,Alabama,63,Western Kentucky,0,true,true
2024-08-31,Memphis,40,North Alabama,0,true,false
2024-08-31,Middle Tennessee,32,Tennessee Tech,25,true,false
2024-08-31,Rice,14,Sam Houston,34,true,true
2024-08-31,Troy,26,Nevada,28,true,true
2024-08-31,Baylor,45,Tarleton State,3,true,false
2024-08-31,Kansas State,41,UT Martin,6,true,false
2024-08-31,Houston,7,UNLV,27,true,true
2024-08-31,South Florida,48,Bethune-Cookman,3,true,false
2024-08-31,Arkansas State,34,Central Arkansas,31,true,false
2024-08-31,Ole Miss,76,Furman,0,true,false
2024-08-31,Texas Tech,52,Abilene Christian,51,true,false
2024-08-31,Auburn,73,Alabama A&M,3,true,false
2024-08-31,Hawai'i,13,UCLA,16,true,true
2024-08-31,Oregon,24,Idaho,14,true,false
2024-08-31,Texas A&M,13,Notre Dame,23,true,true
2024-08-31,Michigan,30,Fresno State,10,true,true
2024-08-31,Kentucky,31,Southern Miss,0,true,true
2024-09-01,Charlotte,7,James Madison,30,true,true
2024-09-01,Texas State,34,Lamar,27,true,false
2024-09-01,San Diego State,45,East Texas A&M,14,true,false
2024-09-01,Louisiana,40,Grambling,10,true,false
2024-09-01,BYU,41,Southern Illinois,13,true,false
2024-09-01,Georgia Tech,35,Georgia State,12,true,true
2024-09-01,Louisiana Tech,25,Nicholls,17,true,false
2024-09-01,SMU,59,Houston Christian,7,true,false
2024-09-01,New Mexico State,23,Southeast Missouri State,16,true,false
2024-09-01,Arizona,61,New Mexico,39,true,true
2024-09-01,Arizona State,48,Wyoming,7,true,true
2024-09-01,Washington,35,Weber State,3,true,false
2024-09-01,LSU,20,USC,27,true,true
2024-09-02,Florida State,13,Boston College,28,true,true
2024-09-06,SMU,15,BYU,18,true,true
2024-09-06,Indiana,77,Western Illinois,3,true,false
2024-09-07,Northwestern,20,Duke,26,true,true
2024-09-07,Memphis,38,Troy,17,true,true
2024-09-07,Oklahoma State,39,Arkansas,31,true,true
2024-09-07,Rutgers,49,Akron,17,true,true
2024-09-07,UConn,63,Merrimack,17,true,false
2024-09-07,Cincinnati,27,Pittsburgh,28,true,true
2024-09-07,Florida Atlantic,7,Army,24,true,true
2024-09-07,Syracuse,31,Georgia Tech,28,true,true
2024-09-07,Minnesota,48,Rhode Island,0,true,false
2024-09-07,Michigan,12,Texas,31,true,true
2024-09-07,Penn State,34,Bowling Green,27,true,true
2024-09-07,Tulane,27,Kansas State,34,true,true
2024-09-07,Texas A&M,52,McNeese,10,true,false
2024-09-07,Georgia,48,Tennessee Tech,3,true,false
2024-09-07,Ball State,42,Missouri State,34,true,false
2024-09-07,Kent State,17,Saint Francis,23,true,false
2024-09-07,UNLV,72,Utah Tech,14,true,false
2024-09-07,Maryland,24,Michigan State,27,true,true
2024-09-07,Notre Dame,14,Northern Illinois,16,true,true
2024-09-07,Utah,23,Baylor,12,true,true
2024-09-07,Toledo,38,Massachusetts,23,true,true
2024-09-07,Wisconsin,27,South Dakota,13,true,false
2024-09-07,North Carolina,38,Charlotte,20,true,true
2024-09-07,Kentucky,6,South Carolina,31,true,true
2024-09-07,Boston College,56,Duquesne,0,true,false
2024-09-07,Washington,30,Eastern Michigan,9,true,true
2024-09-07,Wyoming,13,Idaho,17,true,false
2024-09-07,Auburn,14,California,21,true,true
2024-09-07,Louisville,49,Jacksonville State,14,true,true
2024-09-07,Navy,38,Temple,11,true,true
2024-09-07,Iowa,19,Iowa State,20,true,true
2024-09-07,Texas State,49,UTSA,10,true,true
2024-09-07,Ole Miss,52,Middle Tennessee,3,true,true
2024-09-07,Virginia Tech,31,Marshall,14,true,true
2024-09-07,James Madison,13,Gardner-Webb,6,true,false
2024-09-07,West Virginia,49,UAlbany,14,true,false
2024-09-07,Miami,56,Florida A&M,9,true,false
2024-09-07,Florida International,52,Central Michigan,16,true,true
2024-09-07,Old Dominion,14,East Carolina,20,true,true
2024-09-07,Ohio,27,South Alabama,20,true,true
2024-09-07,UCF,45,Sam Houston,14,true,true
2024-09-07,Arkansas State,28,Tulsa,24,true,true
2024-09-07,Air Force,7,San José State,17,true,true
2024-09-07,Florida,45,Samford,7,true,false
2024-09-07,UL Monroe,32,UAB,6,true,true
2024-09-07,Alabama,42,South Florida,16,true,true
2024-09-07,Rice,69,Texas Southern,7,true,false
2024-09-07,Georgia State,24,Chattanooga,21,true,false
2024-09-07,Western Kentucky,31,Eastern Kentucky,0,true,false
2024-09-07,Stanford,41,Cal Poly,7,true,false
2024-09-07,Wake Forest,30,Virginia,31,true,true
2024-09-07,Colorado State,38,Northern Colorado,17,true,false
2024-09-07,Southern Miss,35,SE Louisiana,10,true,false
2024-09-07,Nevada,17,Georgia Southern,20,true,true
2024-09-07,Coastal Carolina,40,William & Mary,21,true,false
2024-09-07,Missouri,38,Buffalo,0,true,true
2024-09-07,Illinois,23,Kansas,17,true,true
2024-09-07,Kennesaw State,10,Louisiana,34,true,true
2024-09-07,NC State,10,Tennessee,51,true,true
2024-09-07,Nebraska,28,Colorado,10,true,true
2024-09-07,North Texas,35,Stephen F. Austin,20,true,false
2024-09-07,Ohio State,56,Western Michigan,0,true,true
2024-09-07,Vanderbilt,55,Alcorn State,0,true,false
2024-09-07,LSU,44,Nicholls,21,true,false
2024-09-07,Oklahoma,16,Houston,12,true,true
2024-09-08,Clemson,66,App State,20,true,true
2024-09-08,TCU,45,Long Island University,0,true,false
2024-09-08,UTEP,24,Southern Utah,27,true,false
2024-09-08,Fresno State,46,Sacramento State,30,true,false
2024-09-08,Oregon,37,Boise State,34,true,true
2024-09-08,Arizona,22,Northern Arizona,10,true,false
2024-09-08,Washington State,37,Texas Tech,16,true,true
2024-09-08,New Mexico State,24,Liberty,30,true,true
2024-09-08,Arizona State,30,Mississippi State,23,true,true
2024-09-08,San Diego State,0,Oregon State,21,true,true
2024-09-08,USC,48,Utah State,0,true,true
2024-09-12,Texas State,28,Arizona State,31,true,true
2024-09-12,South Alabama,87,Northwestern State,10,true,false
2024-09-13,Kansas,20,UNLV,23,true,true
2024-09-14,Kansas State,31,Arizona,7,true,true
2024-09-14,Wisconsin,10,Alabama,42,true,true
2024-09-14,Texas Tech,66,North Texas,21,true,true
2024-09-14,NC State,30,Louisiana Tech,20,true,true
2024-09-14,Tulsa,10,Oklahoma State,45,true,true
2024-09-14,Illinois,30,Central Michigan,9,true,true
2024-09-14,South Carolina,33,LSU,36,true,true
2024-09-14,Miami (OH),16,Cincinnati,27,true,true
2024-09-14,Michigan,28,Arkansas State,18,true,true
2024-09-14,Florida State,12,Memphis,20,true,true
2024-09-14,Missouri,27,Boston College,21,true,true
2024-09-14,Buffalo,34,Massachusetts,3,true,true
2024-09-14,Temple,20,Coastal Carolina,28,true,true
2024-09-14,Ohio,21,Morgan State,6,true,false
2024-09-14,Georgia Tech,59,VMI,7,true,false
2024-09-14,Oregon State,14,Oregon,49,true,true
2024-09-14,Michigan State,40,Prairie View A&M,0,true,false
2024-09-14,Miami,62,Ball State,0,true,true
2024-09-14,Florida,20,Texas A&M,33,true,true
2024-09-14,Pittsburgh,38,West Virginia,34,true,true
2024-09-14,Oklahoma,34,Tulane,19,true,true
2024-09-14,Washington,19,Washington State,24,true,true
2024-09-14,Purdue,7,Notre Dame,66,true,true
2024-09-14,Minnesota,27,Nevada,0,true,true
2024-09-14,East Carolina,19,App State,21,true,true
2024-09-14,Iowa,38,Troy,21,true,true
2024-09-14,Arkansas,37,UAB,27,true,true
2024-09-14,Utah State,21,Utah,38,true,true
2024-09-14,Old Dominion,17,Virginia Tech,37,true,true
2024-09-14,Duke,26,UConn,21,true,true
2024-09-14,North Carolina,45,North Carolina Central,10,true,false
2024-09-14,Charlotte,27,Gardner-Webb,26,true,false
2024-09-14,Akron,31,Colgate,20,true,false
2024-09-14,Florida Atlantic,38,Florida International,20,true,true
2024-09-14,Georgia Southern,42,South Carolina State,14,true,false
2024-09-14,Liberty,28,UTEP,10,true,true
2024-09-14,Wake Forest,6,Ole Miss,40,true,true
2024-09-14,Western Michigan,59,Bethune-Cookman,31,true,false
2024-09-14,Sam Houston,31,Hawai'i,13,true,true
2024-09-14,Eastern Michigan,37,Jacksonville State,34,true,true
2024-09-14,Texas,56,UTSA,7,true,true
2024-09-14,Georgia State,36,Vanderbilt,32,true,true
2024-09-14,Middle Tennessee,21,Western Kentucky,49,true,true
2024-09-14,San José State,31,Kennesaw State,10,true,true
2024-09-14,Southern Miss,24,South Florida,49,true,true
2024-09-14,Kentucky,12,Georgia,13,true,true
2024-09-14,Colorado State,9,Colorado,28,true,true
2024-09-14,Auburn,45,New Mexico,19,true,true
2024-09-14,Baylor,31,Air Force,3,true,true
2024-09-14,TCU,34,UCF,35,true,true
2024-09-14,Northwestern,31,Eastern Illinois,7,true,false
2024-09-14,Nebraska,34,Northern Iowa,3,true,false
2024-09-14,Mississippi State,17,Toledo,41,true,true
2024-09-14,UCLA,13,Indiana,42,true,true
2024-09-14,Tennessee,71,Kent State,0,true,true
2024-09-15,Houston,33,Rice,7,true,true
2024-09-15,Virginia,13,Maryland,27,true,true
2024-09-15,Wyoming,14,BYU,34,true,true
2024-09-15,Fresno State,48,New Mexico State,0,true,true
2024-09-15,California,31,San Diego State,10,true,true
2024-09-19,App State,14,South Alabama,48,true,true
2024-09-20,Syracuse,24,Stanford,26,true,true
2024-09-21,Nebraska,24,Illinois,31,true,true
2024-09-21,Washington State,54,San José State,52,true,true
2024-09-21,Indiana,52,Charlotte,14,true,true
2024-09-21,Army,37,Rice,14,true,true
2024-09-21,Mississippi State,28,Florida,45,true,true
2024-09-21,North Carolina,50,James Madison,70,true,true
2024-09-21,Cincinnati,34,Houston,0,true,true
2024-09-21,West Virginia,32,Kansas,28,true,true
2024-09-21,Louisiana,33,Tulane,41,true,true
2024-09-21,Clemson,59,NC State,35,true,true
2024-09-21,Maryland,38,Villanova,20,true,false
2024-09-21,Ohio State,49,Marshall,14,true,true
2024-09-21,Kentucky,41,Ohio,6,true,true
2024-09-21,Central Michigan,37,Ball State,34,true,true
2024-09-21,Coastal Carolina,24,Virginia,43,true,true
2024-09-21,Eastern Michigan,36,Saint Francis,0,true,false
2024-09-21,Iowa State,52,Arkansas State,7,true,true
2024-09-21,Temple,45,Utah State,29,true,true
2024-09-21,Nevada,49,Eastern Washington,16,true,false
2024-09-21,Jacksonville State,44,Southern Miss,7,true,true
2024-09-21,Virginia Tech,23,Rutgers,26,true,true
2024-09-21,Notre Dame,28,Miami (OH),3,true,true
2024-09-21,Michigan,27,USC,24,true,true
2024-09-21,Navy,56,Memphis,44,true,true
2024-09-21,Texas Tech,30,Arizona State,22,true,true
2024-09-21,Penn State,56,Kent State,0,true,true
2024-09-21,Auburn,14,Arkansas,24,true,true
2024-09-21,Northern Illinois,20,Buffalo,23,true,true
2024-09-21,Louisville,31,Georgia Tech,19,true,true
2024-09-21,Massachusetts,35,Central Connecticut,31,true,false
2024-09-21,LSU,34,UCLA,17,true,true
2024-09-21,Pittsburgh,73,Youngstown State,17,true,false
2024-09-21,UTSA,45,Houston Christian,7,true,false
2024-09-21,Oklahoma State,19,Utah,22,true,true
2024-09-21,Middle Tennessee,17,Duke,45,true,true
2024-09-21,Missouri,30,Vanderbilt,27,true,true
2024-09-21,Colorado State,27,UTEP,17,true,true
2024-09-21,SMU,66,TCU,42,true,true
2024-09-21,Liberty,35,East Carolina,24,true,true
2024-09-21,Florida International,42,Monmouth,45,true,false
2024-09-21,UConn,48,Florida Atlantic,14,true,true
2024-09-21,Florida State,14,California,9,true,true
2024-09-21,Louisiana Tech,20,Tulsa,23,true,true
2024-09-21,Troy,34,Florida A&M,12,true,false
2024-09-21,Western Kentucky,26,Toledo,21,true,true
2024-09-21,North Texas,44,Wyoming,17,true,true
2024-09-21,Sam Houston,31,New Mexico State,11,true,true
2024-09-21,Washington,24,Northwestern,5,true,true
2024-09-21,South Florida,15,Miami,50,true,true
2024-09-21,Minnesota,14,Iowa,31,true,true
2024-09-21,Oklahoma,15,Tennessee,25,true,true
2024-09-21,South Carolina,50,Akron,7,true,true
2024-09-21,Texas A&M,26,Bowling Green,20,true,true
2024-09-21,Ole Miss,52,Georgia Southern,13,true,true
2024-09-22,Boston College,23,Michigan State,19,true,true
2024-09-22,Colorado,38,Baylor,31,true,true
2024-09-22,Texas,51,UL Monroe,3,true,true
2024-09-22,New Mexico,21,Fresno State,38,true,true
2024-09-22,Oregon State,38,Purdue,21,true,true
2024-09-22,Boise State,56,Portland State,14,true,false
2024-09-22,BYU,38,Kansas State,9,true,true
2024-09-22,Hawai'i,36,Northern Iowa,7,true,false
2024-09-26,Temple,14,Army,42,true,true
2024-09-27,Miami,38,Virginia Tech,34,true,true
2024-09-28,Rutgers,21,Washington,18,true,true
2024-09-28,Boston College,21,Western Kentucky,20,true,true
2024-09-28,Baylor,28,BYU,34,true,true
2024-09-28,Syracuse,42,Holy Cross,14,true,false
2024-09-28,Indiana,42,Maryland,28,true,true
2024-09-28,NC State,24,Northern Illinois,17,true,true
2024-09-28,UAB,18,Navy,41,true,true
2024-09-28,Michigan,27,Minnesota,24,true,true
2024-09-28,Kansas State,42,Oklahoma State,20,true,true
2024-09-28,Ole Miss,17,Kentucky,20,true,true
2024-09-28,Purdue,10,Nebraska,28,true,true
2024-09-28,UConn,47,Buffalo,3,true,true
2024-09-28,Tulane,45,South Florida,10,true,true
2024-09-28,James Madison,63,Ball State,7,true,true
2024-09-28,Sam Houston,40,Texas State,39,true,true
2024-09-28,Georgia State,21,Georgia Southern,38,true,true
2024-09-28,UNLV,59,Fresno State,14,true,true
2024-09-28,Notre Dame,31,Louisville,24,true,true
2024-09-28,Texas A&M,21,Arkansas,17,true,true
2024-09-28,Ohio,30,Akron,10,true,true
2024-09-28,Kansas,27,TCU,38,true,true
2024-09-28,USC,38,Wisconsin,21,true,true
2024-09-28,Miami (OH),23,Massachusetts,20,true,true
2024-09-28,Kent State,33,Eastern Michigan,52,true,true
2024-09-28,Auburn,21,Oklahoma,27,true,true
2024-09-28,UCF,21,Colorado,48,true,true
2024-09-28,Central Michigan,22,San Diego State,21,true,true
2024-09-28,Wake Forest,38,Louisiana,41,true,true
2024-09-28,Marshall,27,Western Michigan,20,true,true
2024-09-28,East Carolina,30,UTSA,20,true,true
2024-09-28,Duke,21,North Carolina,20,true,true
2024-09-28,Texas,35,Mississippi State,13,true,true
2024-09-28,Bowling Green,27,Old Dominion,30,true,true
2024-09-28,Kennesaw State,13,UT Martin,24,true,false
2024-09-28,Florida Atlantic,41,Wagner,10,true,false
2024-09-28,Florida International,17,Louisiana Tech,10,true,true
2024-09-28,Houston,0,Iowa State,20,true,true
2024-09-28,Clemson,40,Stanford,14,true,true
2024-09-28,Troy,9,UL Monroe,13,true,true
2024-09-28,North Texas,52,Tulsa,20,true,true
2024-09-28,Rice,20,Charlotte,21,true,true
2024-09-28,Memphis,24,Middle Tennessee,7,true,true
2024-09-28,Penn State,21,Illinois,7,true,true
2024-09-28,Alabama,41,Georgia,34,true,true
2024-09-28,Michigan State,7,Ohio State,38,true,true
2024-09-28,LSU,42,South Alabama,10,true,true
2024-09-29,Wyoming,31,Air Force,19,true,true
2024-09-29,Texas Tech,44,Cincinnati,41,true,true
2024-09-29,New Mexico State,40,New Mexico,50,true,true
2024-09-29,SMU,42,Florida State,16,true,true
2024-09-29,Boise State,45,Washington State,24,true,true
2024-09-29,Utah,10,Arizona,23,true,true
2024-09-29,UCLA,13,Oregon,34,true,true
2024-10-03,Troy,17,Texas State,38,true,true
2024-10-04,UTEP,21,Sam Houston,41,true,true
2024-10-04,Kennesaw State,24,Jacksonville State,63,true,true
2024-10-04,TCU,19,Houston,30,true,true
2024-10-05,Oregon,31,Michigan State,10,true,true
2024-10-05,UNLV,41,Syracuse,44,true,true
2024-10-05,Wisconsin,52,Purdue,6,true,true
2024-10-05,Texas A&M,41,Missouri,10,true,true
2024-10-05,Penn State,27,UCLA,11,true,true
2024-10-05,Northern Illinois,34,Massachusetts,20,true,true
2024-10-05,Virginia,24,Boston College,14,true,true
2024-10-05,Louisville,27,SMU,34,true,true
2024-10-05,North Carolina,24,Pittsburgh,34,true,true
2024-10-05,NC State,30,Wake Forest,34,true,true
2024-10-05,Tulsa,7,Army,49,true,true
2024-10-05,Air Force,7,Navy,34,true,true
2024-10-05,UAB,20,Tulane,71,true,true
2024-10-05,Ball State,42,Western Michigan,45,true,true
2024-10-05,UConn,29,Temple,20,true,true
2024-10-05,Northwestern,24,Indiana,41,true,true
2024-10-05,Charlotte,55,East Carolina,24,true,true
2024-10-05,South Carolina,3,Ole Miss,27,true,true
2024-10-05,Georgia,31,Auburn,13,true,true
2024-10-05,Ohio State,35,Iowa,7,true,true
2024-10-05,Stanford,7,Virginia Tech,31,true,true
2024-10-05,Toledo,30,Miami (OH),20,true,true
2024-10-05,Akron,20,Bowling Green,27,true,true
2024-10-05,Marshall,52,App State,37,true,true
2024-10-05,Nebraska,14,Rutgers,7,true,true
2024-10-05,Oklahoma State,14,West Virginia,38,true,true
2024-10-05,Vanderbilt,40,Alabama,35,true,true
2024-10-05,Oregon State,39,Colorado State,31,true,true
2024-10-05,Florida State,13,Clemson,29,true,true
2024-10-05,Boise State,62,Utah State,30,true,true
2024-10-05,Arkansas State,18,South Alabama,16,true,true
2024-10-05,UL Monroe,21,James Madison,19,true,true
2024-10-05,Southern Miss,13,Louisiana,23,true,true
2024-10-05,Coastal Carolina,45,Old Dominion,37,true,true
2024-10-05,Arkansas,19,Tennessee,14,true,true
2024-10-05,Minnesota,24,USC,17,true,true
2024-10-05,Washington,27,Michigan,17,true,true
2024-10-05,San José State,35,Nevada,31,true,true
2024-10-05,Iowa State,43,Baylor,21,true,true
2024-10-05,Florida,24,UCF,13,true,true
2024-10-06,Arizona State,35,Kansas,31,true,true
2024-10-06,Georgia Tech,24,Duke,14,true,true
2024-10-06,San Diego State,27,Hawai'i,24,true,true
2024-10-06,California,38,Miami,39,true,true
2024-10-06,Arizona,22,Texas Tech,28,true,true
2024-10-08,Liberty,31,Florida International,24,true,true
2024-10-09,Jacksonville State,54,New Mexico State,13,true,true
2024-10-10,James Madison,39,Coastal Carolina,7,true,true
2024-10-11,Western Kentucky,44,UTEP,17,true,true
2024-10-11,Louisiana Tech,48,Middle Tennessee,21,true,true
2024-10-12,Maryland,10,Northwestern,37,true,true
2024-10-12,Utah State,34,UNLV,50,true,true
2024-10-12,Arizona State,27,Utah,19,true,true
2024-10-12,Rutgers,7,Wisconsin,42,true,true
2024-10-12,Wake Forest,14,Clemson,49,true,true
2024-10-12,Iowa,40,Washington,16,true,true
2024-10-12,Buffalo,30,Toledo,15,true,true
2024-10-12,Alabama,27,South Carolina,25,true,true
2024-10-12,Kent State,35,Ball State,37,true,true
2024-10-12,North Carolina,34,Georgia Tech,41,true,true
2024-10-12,Army,44,UAB,10,true,true
2024-10-12,Massachusetts,3,Missouri,45,true,true
2024-10-12,Eastern Michigan,14,Miami (OH),38,true,true
2024-10-12,Georgia State,14,Old Dominion,21,true,true
2024-10-12,Illinois,50,Purdue,49,true,true
2024-10-12,Pittsburgh,17,California,15,true,true
2024-10-12,Oklahoma,3,Texas,34,true,true
2024-10-12,UCF,13,Cincinnati,19,true,true
2024-10-12,USC,30,Penn State,33,true,true
2024-10-12,Notre Dame,49,Stanford,7,true,true
2024-10-12,Colorado State,31,San José State,24,true,true
2024-10-12,Wyoming,24,San Diego State,27,true,true
2024-10-12,South Florida,3,Memphis,21,true,true
2024-10-12,Virginia,20,Louisville,24,true,true
2024-10-12,Western Michigan,34,Akron,24,true,true
2024-10-12,Bowling Green,7,Northern Illinois,17,true,true
2024-10-12,BYU,41,Arizona,19,true,true
2024-10-12,Central Michigan,25,Ohio,27,true,true
2024-10-12,Georgia,41,Mississippi State,31,true,true
2024-10-12,UL Monroe,38,Southern Miss,21,true,true
2024-10-12,Texas State,41,Arkansas State,9,true,true
2024-10-12,New Mexico,52,Air Force,37,true,true
2024-10-12,Florida Atlantic,37,North Texas,41,true,true
2024-10-12,Fresno State,17,Washington State,25,true,true
2024-10-12,Tennessee,23,Florida,17,true,true
2024-10-12,Rice,29,UTSA,27,true,true
2024-10-12,LSU,29,Ole Miss,26,true,true
2024-10-12,Nevada,42,Oregon State,37,true,true
2024-10-12,Oregon,32,Ohio State,31,true,true
2024-10-12,Louisiana,34,App State,24,true,true
2024-10-12,Kentucky,13,Vanderbilt,20,true,true
2024-10-13,Georgia Southern,24,Marshall,23,true,true
2024-10-13,West Virginia,16,Iowa State,28,true,true
2024-10-13,NC State,17,Syracuse,24,true,true
2024-10-13,UCLA,17,Minnesota,21,true,true
2024-10-13,Colorado,28,Kansas State,31,true,true
2024-10-13,Hawai'i,7,Boise State,28,true,true
2024-10-15,South Alabama,25,Troy,9,true,true
2024-10-16,Middle Tennessee,14,Kennesaw State,5,true,true
2024-10-16,New Mexico State,33,Louisiana Tech,30,true,true
2024-10-16,Sam Houston,14,Western Kentucky,31,true,true
2024-10-17,UTEP,30,Florida International,21,true,true
2024-10-17,Marshall,35,Georgia State,20,true,true
2024-10-17,Virginia Tech,42,Boston College,21,true,true
2024-10-18,Duke,23,Florida State,16,true,true
2024-10-19,Purdue,0,Oregon,35,true,true
2024-10-19,BYU,38,Oklahoma State,35,true,true
2024-10-19,Nevada,21,Fresno State,24,true,true
2024-10-19,Northwestern,3,Wisconsin,23,true,true
2024-10-19,Army,45,East Carolina,28,true,true
2024-10-19,Clemson,48,Virginia,31,true,true
2024-10-19,Missouri,21,Auburn,17,true,true
2024-10-19,Louisville,45,Miami,52,true,true
2024-10-19,UConn,20,Wake Forest,23,true,true
2024-10-19,Cincinnati,24,Arizona State,14,true,true
2024-10-19,Indiana,56,Nebraska,7,true,true
2024-10-19,Rutgers,32,UCLA,35,true,true
2024-10-19,Coastal Carolina,24,Louisiana,34,true,true
2024-10-19,Oklahoma,9,South Carolina,35,true,true
2024-10-19,Eastern Michigan,38,Central Michigan,34,true,true
2024-10-19,Temple,20,Tulsa,10,true,true
2024-10-19,Old Dominion,24,Texas State,14,true,true
2024-10-19,Washington State,42,Hawai'i,10,true,true
2024-10-19,Navy,51,Charlotte,17,true,true
2024-10-19,UTSA,38,Florida Atlantic,24,true,true
2024-10-19,Tulane,24,Rice,10,true,true
2024-10-19,Tennessee,24,Alabama,17,true,true
2024-10-19,Illinois,21,Michigan,7,true,true
2024-10-19,Bowling Green,27,Kent State,6,true,true
2024-10-19,Miami (OH),30,Ohio,20,true,true
2024-10-19,California,23,NC State,24,true,true
2024-10-19,South Florida,35,UAB,25,true,true
2024-10-19,Northern Illinois,6,Toledo,13,true,true
2024-10-19,Buffalo,41,Western Michigan,48,true,true
2024-10-19,Georgia Tech,13,Notre Dame,31,true,true
2024-10-19,Kansas,42,Houston,14,true,true
2024-10-19,San José State,24,Wyoming,14,true,true
2024-10-19,Arizona,7,Colorado,34,true,true
2024-10-19,Texas Tech,35,Baylor,59,true,true
2024-10-19,Georgia Southern,28,James Madison,14,true,true
2024-10-19,Maryland,29,USC,28,true,true
2024-10-19,Utah State,45,New Mexico,50,true,true
2024-10-19,Mississippi State,24,Texas A&M,34,true,true
2024-10-19,Arkansas,10,LSU,34,true,true
2024-10-19,Southern Miss,28,Arkansas State,44,true,true
2024-10-19,Vanderbilt,24,Ball State,14,true,true
2024-10-19,Texas,15,Georgia,30,true,true
2024-10-19,Iowa State,38,UCF,35,true,true
2024-10-19,West Virginia,18,Kansas State,45,true,true
2024-10-19,Memphis,52,North Texas,44,true,true
2024-10-19,Michigan State,32,Iowa,20,true,true
2024-10-19,Florida,48,Kentucky,20,true,true
2024-10-20,Stanford,10,SMU,40,true,true
2024-10-20,Air Force,13,Colorado State,21,true,true
2024-10-20,Oregon State,25,UNLV,33,true,true
2024-10-20,Utah,7,TCU,13,true,true
2024-10-22,Florida International,7,Sam Houston,10,true,true
2024-10-23,Louisiana Tech,14,UTEP,10,true,true
2024-10-23,Kennesaw State,27,Liberty,24,true,true
2024-10-23,Jacksonville State,42,Middle Tennessee,20,true,true
2024-10-24,Old Dominion,47,Georgia Southern,19,true,true
2024-10-24,Pittsburgh,41,Syracuse,13,true,true
2024-10-25,Boston College,27,Louisville,31,true,true
2024-10-26,UNLV,24,Boise State,29,true,true
2024-10-26,USC,42,Rutgers,20,true,true
2024-10-26,Virginia Tech,21,Georgia Tech,6,true,true
2024-10-26,North Texas,37,Tulane,45,true,true
2024-10-26,Indiana,31,Washington,17,true,true
2024-10-26,Virginia,14,North Carolina,41,true,true
2024-10-26,Ole Miss,26,Oklahoma,14,true,true
2024-10-26,Ohio State,21,Nebraska,17,true,true
2024-10-26,Memphis,33,Charlotte,28,true,true
2024-10-26,Ohio,47,Buffalo,16,true,true
2024-10-26,Navy,14,Notre Dame,51,true,true
2024-10-26,Mississippi State,25,Arkansas,58,true,true
2024-10-26,App State,33,Georgia State,26,true,true
2024-10-26,Miami (OH),46,Central Michigan,7,true,true
2024-10-26,East Carolina,56,Temple,34,true,true
2024-10-26,Tulsa,46,UTSA,45,true,true
2024-10-26,TCU,35,Texas Tech,34,true,true
2024-10-26,UCF,24,BYU,37,true,true
2024-10-26,Alabama,34,Missouri,0,true,true
2024-10-26,Stanford,24,Wake Forest,27,true,true
2024-10-26,Western Michigan,52,Kent State,21,true,true
2024-10-26,Baylor,38,Oklahoma State,28,true,true
2024-10-26,Toledo,26,Bowling Green,41,true,true
2024-10-26,James Madison,32,Southern Miss,15,true,true
2024-10-26,Minnesota,48,Maryland,23,true,true
2024-10-26,Massachusetts,35,Wagner,7,true,false
2024-10-26,UConn,17,Rice,10,true,true
2024-10-26,Akron,25,Eastern Michigan,21,true,true
2024-10-26,Ball State,25,Northern Illinois,23,true,true
2024-10-26,Iowa,40,Northwestern,14,true,true
2024-10-26,Oregon,38,Illinois,9,true,true
2024-10-26,California,44,Oregon State,7,true,true
2024-10-26,Vanderbilt,24,Texas,27,true,true
2024-10-26,South Alabama,46,UL Monroe,17,true,true
2024-10-26,Colorado State,17,New Mexico,6,true,true
2024-10-26,Arkansas State,34,Troy,31,true,true
2024-10-26,Houston,17,Utah,14,true,true
2024-10-26,Miami,36,Florida State,14,true,true
2024-10-26,Wyoming,25,Utah State,27,true,true
2024-10-26,Arizona,26,West Virginia,31,true,true
2024-10-26,Wisconsin,13,Penn State,28,true,true
2024-10-26,Texas A&M,38,LSU,23,true,true
2024-10-26,Michigan,24,Michigan State,17,true,true
2024-10-26,Kentucky,10,Auburn,24,true,true
2024-10-27,Fresno State,33,San José State,10,true,true
2024-10-27,Duke,27,SMU,28,true,true
2024-10-27,Kansas State,29,Kansas,27,true,true
2024-10-27,Colorado,34,Cincinnati,23,true,true
2024-10-27,San Diego State,26,Washington State,29,true,true
2024-10-27,Hawai'i,34,Nevada,13,true,true
2024-10-29,Florida International,34,New Mexico State,13,true,true
2024-10-29,Texas State,17,Louisiana,23,true,true
2024-10-30,Sam Houston,9,Louisiana Tech,3,true,true
2024-10-30,Liberty,21,Jacksonville State,31,true,true
2024-10-30,Western Kentucky,31,Kennesaw State,14,true,true
2024-10-31,Charlotte,3,Tulane,34,true,true
2024-11-01,UConn,34,Georgia State,27,true,true
2024-11-01,Florida Atlantic,21,South Florida,44,true,true
2024-11-02,Boise State,56,San Diego State,24,true,true
2024-11-02,Akron,30,Buffalo,41,true,true
2024-11-02,Eastern Michigan,28,Toledo,29,true,true
2024-11-02,Penn State,13,Ohio State,20,true,true
2024-11-02,Purdue,20,Northwestern,26,true,true
2024-11-02,Illinois,17,Minnesota,25,true,true
2024-11-02,Oklahoma,59,Maine,14,true,false
2024-11-02,Army,20,Air Force,3,true,true
2024-11-02,Arkansas,31,Ole Miss,63,true,true
2024-11-02,UTSA,44,Memphis,36,true,true
2024-11-02,Miami,53,Duke,31,true,true
2024-11-02,NC State,59,Stanford,28,true,true
2024-11-02,Syracuse,38,Virginia Tech,31,true,true
2024-11-02,Auburn,7,Vanderbilt,17,true,true
2024-11-02,UAB,59,Tulsa,21,true,true
2024-11-02,App State,28,Old Dominion,20,true,true
2024-11-02,Houston,24,Kansas State,19,true,true
2024-11-02,Georgia,34,Florida,20,true,true
2024-11-02,Oklahoma State,21,Arizona State,42,true,true
2024-11-02,Marshall,28,UL Monroe,23,true,true
2024-11-02,Michigan State,10,Indiana,47,true,true
2024-11-02,UTEP,13,Middle Tennessee,20,true,true
2024-11-02,UCF,56,Arizona,12,true,true
2024-11-02,Michigan,17,Oregon,38,true,true
2024-11-02,Nebraska,20,UCLA,27,true,true
2024-11-02,Florida State,11,North Carolina,35,true,true
2024-11-02,Iowa State,22,Texas Tech,23,true,true
2024-11-02,Troy,38,Coastal Carolina,24,true,true
2024-11-02,Rice,24,Navy,10,true,true
2024-11-02,New Mexico,45,Wyoming,49,true,true
2024-11-02,Mississippi State,45,Massachusetts,20,true,true
2024-11-02,Fresno State,20,Hawai'i,21,true,true
2024-11-02,South Alabama,30,Georgia Southern,34,true,true
2024-11-02,Washington,26,USC,21,true,true
2024-11-02,Iowa,42,Wisconsin,10,true,true
2024-11-02,South Carolina,44,Texas A&M,20,true,true
2024-11-02,Clemson,21,Louisville,33,true,true
2024-11-02,Tennessee,28,Kentucky,18,true,true
2024-11-03,Nevada,21,Colorado State,38,true,true
2024-11-03,SMU,48,Pittsburgh,25,true,true
2024-11-03,Baylor,37,TCU,34,true,true
2024-11-06,Central Michigan,13,Bowling Green,23,true,true
2024-11-06,Ball State,21,Miami (OH),27,true,true
2024-11-07,Western Michigan,28,Northern Illinois,42,true,true
2024-11-07,Kent State,0,Ohio,41,true,true
2024-11-08,Coastal Carolina,38,App State,24,true,true
2024-11-08,East Carolina,49,Florida Atlantic,14,true,true
2024-11-09,Wake Forest,36,California,46,true,true
2024-11-09,Memphis,27,Rice,20,true,true
2024-11-09,UCLA,20,Iowa,17,true,true
2024-11-09,San Diego State,16,New Mexico,21,true,true
2024-11-09,Georgia Tech,28,Miami,23,true,true
2024-11-09,Boston College,37,Syracuse,31,true,true
2024-11-09,Cincinnati,24,West Virginia,31,true,true
2024-11-09,Texas,49,Florida,17,true,true
2024-11-09,Ohio State,45,Purdue,0,true,true
2024-11-09,South Florida,7,Navy,28,true,true
2024-11-09,UL Monroe,17,Texas State,38,true,true
2024-11-09,Rutgers,26,Minnesota,19,true,true
2024-11-09,Middle Tennessee,17,Liberty,37,true,true
2024-11-09,UAB,23,UConn,31,true,true
2024-11-09,Southern Miss,3,Marshall,37,true,true
2024-11-09,Indiana,20,Michigan,15,true,true
2024-11-09,Kansas,45,Iowa State,36,true,true
2024-11-09,North Texas,3,Army,14,true,true
2024-11-09,James Madison,38,Georgia State,7,true,true
2024-11-09,Ole Miss,28,Georgia,10,true,true
2024-11-09,Oregon State,13,San José State,24,true,true
2024-11-09,Virginia Tech,14,Clemson,24,true,true
2024-11-09,NC State,19,Duke,29,true,true
2024-11-09,Tulane,52,Temple,6,true,true
2024-11-09,UTEP,43,Kennesaw State,35,true,true
2024-11-09,Texas Tech,27,Colorado,41,true,true
2024-11-09,Vanderbilt,7,South Carolina,28,true,true
2024-11-09,Louisiana Tech,37,Jacksonville State,44,true,true
2024-11-09,Louisiana,55,Arkansas State,19,true,true
2024-11-09,New Mexico State,28,Western Kentucky,41,true,true
2024-11-10,TCU,38,Oklahoma State,13,true,true
2024-11-10,Oregon,39,Maryland,18,true,true
2024-11-10,Tennessee,33,Mississippi State,14,true,true
2024-11-10,Arizona State,35,UCF,31,true,true
2024-11-10,LSU,13,Alabama,42,true,true
2024-11-10,Notre Dame,52,Florida State,3,true,true
2024-11-10,Missouri,30,Oklahoma,23,true,true
2024-11-10,Pittsburgh,19,Virginia,24,true,true
2024-11-10,Penn State,35,Washington,6,true,true
2024-11-10,Boise State,28,Nevada,21,true,true
2024-11-10,Hawai'i,27,UNLV,29,true,true
2024-11-10,Air Force,36,Fresno State,28,true,true
2024-11-10,Utah,21,BYU,22,true,true
2024-11-10,Washington State,49,Utah State,28,true,true
2024-11-13,Buffalo,51,Ball State,48,true,true
2024-11-13,Bowling Green,31,Western Michigan,13,true,true
2024-11-13,Toledo,37,Central Michigan,10,true,true
2024-11-14,Ohio,35,Eastern Michigan,10,true,true
2024-11-14,Miami (OH),34,Kent State,7,true,true
2024-11-14,Northern Illinois,29,Akron,16,true,true
2024-11-15,Tulsa,31,East Carolina,38,true,true
2024-11-16,Colorado State,24,Wyoming,10,true,true
2024-11-16,UTSA,48,North Texas,27,true,true
2024-11-16,Washington,31,UCLA,19,true,true
2024-11-16,Arizona,27,Houston,3,true,true
2024-11-16,Arkansas,10,Texas,20,true,true
2024-11-16,Northwestern,7,Ohio State,31,true,true
2024-11-16,Western Kentucky,7,Louisiana Tech,12,true,true
2024-11-16,Navy,0,Tulane,35,true,true
2024-11-16,Colorado,49,Utah,24,true,true
2024-11-16,Pittsburgh,20,Clemson,24,true,true
2024-11-16,Massachusetts,34,Liberty,35,true,true
2024-11-16,Auburn,48,UL Monroe,14,true,true
2024-11-16,Marshall,31,Coastal Carolina,19,true,true
2024-11-16,Kentucky,48,Murray State,6,true,false
2024-11-16,Temple,18,Florida Atlantic,15,true,true
2024-11-16,Alabama,52,Mercer,7,true,false
2024-11-16,Jacksonville State,34,Florida International,31,true,true
2024-11-16,Illinois,38,Michigan State,16,true,true
2024-11-16,California,25,Syracuse,33,true,true
2024-11-16,Utah State,55,Hawai'i,10,true,true
2024-11-16,Kennesaw State,17,Sam Houston,23,true,true
2024-11-16,SMU,38,Boston College,28,true,true
2024-11-16,Stanford,38,Louisville,35,true,true
2024-11-16,Florida,27,LSU,16,true,true
2024-11-16,Charlotte,24,South Florida,59,true,true
2024-11-16,Notre Dame,35,Virginia,14,true,true
2024-11-16,Purdue,10,Penn State,49,true,true
2024-11-16,Air Force,28,Oregon State,0,true,true
2024-11-16,West Virginia,35,Baylor,49,true,true
2024-11-16,Old Dominion,32,James Madison,35,true,true
2024-11-16,USC,28,Nebraska,20,true,true
2024-11-16,Georgia Southern,20,Troy,28,true,true
2024-11-16,South Carolina,34,Missouri,30,true,true
2024-11-16,Georgia State,20,Arkansas State,27,true,true
2024-11-16,Maryland,17,Rutgers,31,true,true
2024-11-17,Kansas State,14,Arizona State,24,true,true
2024-11-17,San José State,21,Boise State,42,true,true
2024-11-17,Louisiana,22,South Alabama,24,true,true
2024-11-17,Texas State,58,Southern Miss,3,true,true
2024-11-17,Wisconsin,13,Oregon,16,true,true
2024-11-17,Georgia,31,Tennessee,17,true,true
2024-11-17,Texas A&M,38,New Mexico State,3,true,true
2024-11-17,North Carolina,31,Wake Forest,24,true,true
2024-11-17,Iowa State,34,Cincinnati,17,true,true
2024-11-17,Memphis,53,UAB,18,true,true
2024-11-17,New Mexico,38,Washington State,35,true,true
2024-11-17,BYU,13,Kansas,17,true,true
2024-11-17,UNLV,41,San Diego State,20,true,true
2024-11-20,Kent State,17,Akron,38,true,true
2024-11-20,Central Michigan,16,Western Michigan,14,true,true
2024-11-20,Miami (OH),20,Northern Illinois,9,true,true
2024-11-21,Eastern Michigan,20,Buffalo,37,true,true
2024-11-21,Toledo,7,Ohio,24,true,true
2024-11-22,Georgia Tech,30,NC State,29,true,true
2024-11-23,UTSA,51,Temple,27,true,true
2024-11-23,Michigan State,24,Purdue,17,true,true
2024-11-23,San José State,16,UNLV,27,true,true
2024-11-23,Ohio State,38,Indiana,15,true,true
2024-11-23,Boston College,41,North Carolina,21,true,true
2024-11-23,Syracuse,31,UConn,24,true,true
2024-11-23,Virginia,7,SMU,33,true,true
2024-11-23,Florida,24,Ole Miss,17,true,true
2024-11-23,Rutgers,31,Illinois,38,true,true
2024-11-23,Miami,42,Wake Forest,14,true,true
2024-11-23,Maryland,13,Iowa,29,true,true
2024-11-23,Jacksonville State,21,Sam Houston,11,true,true
2024-11-23,Georgia,59,Massachusetts,21,true,true
2024-11-23,Tennessee,56,UTEP,0,true,true
2024-11-23,Liberty,38,Western Kentucky,21,true,true
2024-11-23,Florida State,41,Charleston Southern,7,true,false
2024-11-23,UAB,40,Rice,14,true,true
2024-11-23,Ball State,13,Bowling Green,38,true,true
2024-11-23,App State,34,James Madison,20,true,true
2024-11-23,Middle Tennessee,21,New Mexico State,36,true,true
2024-11-23,TCU,49,Arizona,28,true,true
2024-11-23,Southern Miss,14,South Alabama,35,true,true
2024-11-23,Florida Atlantic,27,Charlotte,39,true,true
2024-11-23,Arkansas State,28,UL Monroe,21,true,true
2024-11-23,Kennesaw State,27,Florida International,26,true,true
2024-11-23,Michigan,50,Northwestern,6,true,true
2024-11-23,Minnesota,25,Penn State,26,true,true
2024-11-23,North Texas,28,East Carolina,40,true,true
2024-11-23,Texas,31,Kentucky,14,true,true
2024-11-23,South Florida,63,Tulsa,30,true,true
2024-11-23,Coastal Carolina,6,Georgia Southern,26,true,true
2024-11-23,Nebraska,44,Wisconsin,25,true,true
2024-11-23,West Virginia,31,UCF,21,true,true
2024-11-23,Oklahoma State,48,Texas Tech,56,true,true
2024-11-23,Kansas,37,Colorado,21,true,true
2024-11-23,Arizona State,28,BYU,23,true,true
2024-11-23,Clemson,51,The Citadel,14,true,false
2024-11-23,California,24,Stanford,21,true,true
2024-11-23,Utah State,41,San Diego State,20,true,true
2024-11-23,Arkansas,35,Louisiana Tech,14,true,true
2024-11-23,Louisville,37,Pittsburgh,9,true,true
2024-11-23,South Carolina,56,Wofford,12,true,false
2024-11-23,Mississippi State,20,Missouri,39,true,true
2024-11-23,Louisiana,51,Troy,30,true,true
2024-11-24,Houston,10,Baylor,20,true,true
2024-11-24,Oregon State,41,Washington State,38,true,true
2024-11-24,Wyoming,13,Boise State,17,true,true
2024-11-24,Notre Dame,49,Army,14,true,true
2024-11-24,Texas State,44,Georgia State,52,true,true
2024-11-24,Old Dominion,35,Marshall,42,true,true
2024-11-24,Utah,28,Iowa State,31,true,true
2024-11-24,Oklahoma,24,Alabama,3,true,true
2024-11-24,Auburn,43,Texas A&M,41,true,true
2024-11-24,LSU,24,Vanderbilt,17,true,true
2024-11-24,Kansas State,41,Cincinnati,15,true,true
2024-11-24,Duke,31,Virginia Tech,28,true,true
2024-11-24,Nevada,19,Air Force,22,true,true
2024-11-24,UCLA,13,USC,19,true,true
2024-11-24,Fresno State,28,Colorado State,22,true,true
2024-11-27,Buffalo,43,Kent State,7,true,true
2024-11-27,Akron,21,Toledo,14,true,true
2024-11-29,Tulane,24,Memphis,34,true,true
2024-11-29,Wisconsin,7,Minnesota,24,true,true
2024-11-29,Bowling Green,12,Miami (OH),28,true,true
2024-11-29,Ohio,42,Ball State,21,true,true
2024-11-29,Boise State,34,Oregon State,18,true,true
2024-11-29,Colorado,52,Oklahoma State,0,true,true
2024-11-29,East Carolina,20,Navy,34,true,true
2024-11-29,Ole Miss,26,Mississippi State,14,true,true
2024-11-29,Sam Houston,20,Liberty,18,true,true
2024-11-29,Colorado State,42,Utah State,37,true,true
2024-11-29,South Alabama,38,Texas State,45,true,true
2024-11-29,San José State,34,Stanford,31,true,true
2024-11-30,Georgia,44,Georgia Tech,42,true,true
2024-11-30,Iowa,13,Nebraska,10,true,true
2024-11-30,UCF,14,Utah,28,true,true
2024-11-30,Vanderbilt,23,Tennessee,36,true,true
2024-11-30,Clemson,14,South Carolina,17,true,true
2024-11-30,Northwestern,28,Illinois,38,true,true
2024-11-30,Wake Forest,17,Duke,23,true,true
2024-11-30,Ohio State,10,Michigan,13,true,true
2024-11-30,Massachusetts,42,UConn,47,true,true
2024-11-30,Temple,17,North Texas,24,true,true
2024-11-30,Army,29,UTSA,24,true,true
2024-11-30,Kentucky,14,Louisville,41,true,true
2024-11-30,Texas Tech,52,West Virginia,15,true,true
2024-11-30,UL Monroe,23,Louisiana,37,true,true
2024-11-30,Baylor,45,Kansas,17,true,true
2024-11-30,Western Michigan,26,Eastern Michigan,18,true,true
2024-11-30,Troy,52,Southern Miss,20,true,true
2024-11-30,Florida International,35,Middle Tennessee,24,true,true
2024-11-30,Georgia State,27,Coastal Carolina,48,true,true
2024-11-30,Rice,35,South Florida,28,true,true
2024-11-30,Arkansas State,32,Old Dominion,40,true,true
2024-11-30,Boston College,34,Pittsburgh,23,true,true
2024-11-30,UCLA,20,Fresno State,13,true,true
2024-11-30,SMU,38,California,6,true,true
2024-11-30,Penn State,44,Maryland,7,true,true
2024-11-30,Syracuse,42,Miami,38,true,true
2024-11-30,Northern Illinois,24,Central Michigan,16,true,true
2024-11-30,Charlotte,29,UAB,27,true,true
2024-11-30,Michigan State,14,Rutgers,41,true,true
2024-11-30,USC,35,Notre Dame,49,true,true
2024-11-30,North Carolina,30,NC State,35,true,true
2024-11-30,Tulsa,16,Florida Atlantic,63,true,true
2024-11-30,Arizona,7,Arizona State,49,true,true
2024-11-30,Missouri,28,Arkansas,21,true,true
2024-11-30,Alabama,28,Auburn,14,true,true
2024-11-30,New Mexico State,35,UTEP,42,true,true
2024-11-30,Western Kentucky,19,Jacksonville State,17,true,true
2024-11-30,Louisiana Tech,33,Kennesaw State,0,true,true
2024-11-30,Cincinnati,13,TCU,20,true,true
2024-11-30,Georgia Southern,29,App State,20,true,true
2024-11-30,Washington State,14,Wyoming,15,true,true
2024-12-01,Indiana,66,Purdue,0,true,true
2024-12-01,Florida State,11,Florida,31,true,true
2024-12-01,LSU,37,Oklahoma,17,true,true
2024-12-01,Texas A&M,7,Texas,17,true,true
2024-12-01,Oregon,49,Washington,21,true,true
2024-12-01,Iowa State,29,Kansas State,21,true,true
2024-12-01,UNLV,38,Nevada,14,true,true
2024-12-01,Virginia Tech,37,Virginia,17,true,true
2024-12-01,James Madison,33,Marshall,35,true,true
2024-12-01,BYU,30,Houston,18,true,true
2024-12-01,San Diego State,20,Air Force,31,true,true
2024-12-01,Hawai'i,38,New Mexico,30,true,true
2024-12-07,Jacksonville State,52,Western Kentucky,12,true,true
2024-12-07,Boise State,21,UNLV,7,true,true
2024-12-07,Army,35,Tulane,14,true,true
2024-12-07,Arizona State,45,Iowa State,19,true,true
2024-12-07,Miami (OH),3,Ohio,38,true,true
2024-12-07,Texas,19,Georgia,22,true,true
2024-12-08,Louisiana,3,Marshall,31,true,true
2024-12-08,Oregon,45,Penn State,37,true,true
2024-12-08,SMU,31,Clemson,34,true,true
2024-12-14,Army,13,Navy,31,true,true
2024-12-15,Western Michigan,23,South Alabama,30,true,true
2024-12-18,West Virginia,37,Memphis,42,true,true
2024-12-18,James Madison,27,Western Kentucky,17,true,true
2024-12-19,UNLV,24,California,13,true,true
2024-12-20,Sam Houston,31,Georgia Southern,26,true,true
2024-12-20,Jacksonville State,27,Ohio,30,true,true
2024-12-20,Florida,33,Tulane,8,true,true
2024-12-21,Notre Dame,27,Indiana,17,true,true
2024-12-21,Penn State,38,SMU,10,true,true
2024-12-21,Texas,38,Clemson,24,true,true
2024-12-22,Ohio State,42,Tennessee,17,true,true
2024-12-23,UTSA,44,Coastal Carolina,15,true,true
2024-12-23,Fresno State,20,Northern Illinois,28,true,true
2024-12-25,San José State,39,South Florida,41,true,true
2024-12-26,Toledo,48,Pittsburgh,46,true,true
2024-12-26,Kansas State,44,Rutgers,41,true,true
2024-12-27,Bowling Green,31,Arkansas State,38,true,true
2024-12-27,Navy,21,Oklahoma,20,true,true
2024-12-27,Vanderbilt,35,Georgia Tech,27,true,true
2024-12-28,Arkansas,39,Texas Tech,26,true,true
2024-12-28,Washington State,35,Syracuse,52,true,true
2024-12-28,USC,35,Texas A&M,31,true,true
2024-12-28,North Carolina,14,UConn,27,true,true
2024-12-28,Nebraska,20,Boston College,15,true,true
2024-12-28,TCU,34,Louisiana,3,true,true
2024-12-28,Miami,41,Iowa State,42,true,true
2024-12-28,Colorado State,17,Miami (OH),43,true,true
2024-12-28,NC State,21,East Carolina,26,true,true
2024-12-29,Colorado,14,BYU,36,true,true
2024-12-29,Army,27,Louisiana Tech,6,true,true
2024-12-30,Missouri,27,Iowa,24,true,true
2024-12-31,Michigan,19,Alabama,13,true,true
2024-12-31,Washington,34,Louisville,35,true,true
2024-12-31,Illinois,21,South Carolina,17,true,true
2024-12-31,LSU,44,Baylor,31,true,true
2025-01-01,Boise State,14,Penn State,31,true,true
2025-01-01,Arizona State,31,Texas,39,true,true
2025-01-01,Oregon,21,Ohio State,41,true,true
2025-01-02,Georgia,10,Notre Dame,23,true,true
2025-01-03,Ole Miss,52,Duke,20,true,true
2025-01-03,Texas State,30,North Texas,28,true,true
2025-01-04,Virginia Tech,10,Minnesota,24,true,true
2025-01-04,Liberty,7,Buffalo,26,true,true
2025-01-10,Penn State,24,Notre Dame,27,true,true
2025-01-11,Texas,14,Ohio State,28,true,true
2025-01-21,Notre Dame,23,Ohio State,34,true,true
